City_ID,City,Country,Date,Lat,Lng,Max Temp,Humidity,Cloudiness,Wind Speed
0,Kaeo,NZ,2022-12-31 23:23:00,-35.1,173.7833,68.61,66,99,16.26
1,Dejen,ET,2022-12-31 23:25:35,10.1667,38.1333,55.9,44,75,3.22
2,Luderitz,NA,2022-12-31 23:25:35,-26.6481,15.1594,68.31,64,0,7.34
3,Maragogi,BR,2022-12-31 23:25:36,-9.0122,-35.2225,77.45,85,58,8.59
4,Arona,ES,2022-12-31 23:25:36,28.0996,-16.681,61.83,89,20,3.44
5,Jertih,MY,2022-12-31 23:25:36,5.7336,102.4897,71.62,93,93,2.44
6,Hobart,AU,2022-12-31 23:23:00,-42.8794,147.3294,76.26,67,75,6.91
7,Bredasdorp,ZA,2022-12-31 23:25:37,-34.5322,20.0403,65.05,87,2,11.34
8,Kieta,PG,2022-12-31 23:25:37,-6.2167,155.6333,83.91,66,98,6.89
9,Port Elizabeth,ZA,2022-12-31 23:25:37,-33.918,25.5701,66.31,91,0,4.61
10,Bambous Virieux,MU,2022-12-31 23:25:38,-20.3428,57.7575,72.21,83,20,3.44
11,Georgetown,MY,2022-12-31 23:21:43,5.4112,100.3354,76.95,84,20,10.36
12,Bluff,NZ,2022-12-31 23:25:38,-46.6,168.3333,59.27,68,5,11.18
13,Nyurba,RU,2022-12-31 23:25:39,63.2842,118.3319,2.16,94,100,8.9
14,Tahe,CN,2022-12-31 23:25:40,52.3333,124.7333,-4.18,70,22,14.23
15,Butaritari,KI,2022-12-31 23:25:40,3.0707,172.7902,80.49,81,95,15.05
16,Albany,US,2022-12-31 23:25:41,42.6001,-73.9662,53.94,93,100,1.01
17,Provideniya,RU,2022-12-31 23:25:41,64.3833,-173.3,-1.01,84,91,14.34
18,Mataura,NZ,2022-12-31 23:25:42,-46.1927,168.8643,68.07,51,58,3.65
19,Dakoro,NE,2022-12-31 23:25:42,14.5106,6.765,60.49,19,69,13.22
20,Lerwick,GB,2022-12-31 23:25:42,60.1545,-1.1494,28.4,52,30,4.7
21,Aguimes,ES,2022-12-31 23:25:43,27.9054,-15.4461,62.65,88,0,5.75
22,Lata,PT,2022-12-31 23:25:43,40.1629,-8.3327,61.07,93,99,6.85
23,Tiksi,RU,2022-12-31 23:25:43,71.6872,128.8694,-1.16,89,100,14.58
24,Hokitika,NZ,2022-12-31 23:25:43,-42.7167,170.9667,66.29,61,100,6.67
25,Hornepayne,CA,2022-12-31 23:25:44,49.2138,-84.7705,9.61,97,100,1.48
26,Ushuaia,AR,2022-12-31 23:25:44,-54.8,-68.3,49.66,71,75,5.75
27,Ribeira Grande,PT,2022-12-31 23:25:44,38.5167,-28.7,49.77,76,62,4.0
28,Rikitea,PF,2022-12-31 23:25:45,-23.1203,-134.9692,77.99,70,74,13.8
29,Cayenne,GF,2022-12-31 23:25:45,4.9333,-52.3333,75.24,94,40,0.0
30,Los Alamos,US,2022-12-31 23:25:45,35.8881,-106.307,44.13,66,40,5.75
31,Solwezi,ZM,2022-12-31 23:25:46,-12.1688,26.3894,61.45,98,92,4.7
32,San Quintin,MX,2022-12-31 23:25:46,30.4833,-115.95,63.3,76,53,11.23
33,Nuuk,GL,2022-12-31 23:25:46,64.1835,-51.7216,12.78,88,100,6.2
34,Port Alfred,ZA,2022-12-31 23:25:47,-33.5906,26.891,66.18,88,59,1.01
35,Jamestown,US,2022-12-31 23:21:39,42.097,-79.2353,48.02,73,100,12.66
36,Cape Town,ZA,2022-12-31 23:25:00,-33.9258,18.4232,70.38,68,0,25.32
37,Jijiga,ET,2022-12-31 23:25:47,9.35,42.8,61.68,79,78,13.44
38,Dongying,CN,2022-12-31 23:25:47,37.4564,118.4856,28.74,63,21,4.12
39,Hasaki,JP,2022-12-31 23:25:48,35.7333,140.8333,36.21,55,9,8.08
40,Pucallpa,PE,2022-12-31 23:25:48,-8.3791,-74.5539,82.44,65,40,2.3
41,Ratnagiri,IN,2022-12-31 23:25:48,16.9833,73.3,71.15,71,4,6.13
42,Barrow,US,2022-12-31 23:25:49,71.2906,-156.7887,1.42,85,100,5.75
43,Charters Towers,AU,2022-12-31 23:25:49,-20.1,146.2667,82.49,60,88,12.88
44,Wewak,PG,2022-12-31 23:26:49,-3.5534,143.6268,77.38,91,100,7.72
45,Labuhan,ID,2022-12-31 23:26:50,-6.8844,112.2051,78.58,83,100,15.46
46,Abu Dhabi,AE,2022-12-31 23:24:42,24.4667,54.3667,68.97,76,0,3.44
47,Abu Zabad,SD,2022-12-31 23:26:50,12.35,29.25,65.84,23,24,12.06
48,Vaini,TO,2022-12-31 23:26:50,-21.2,-175.2,75.36,100,75,11.5
49,Airai,TL,2022-12-31 23:26:51,-8.9266,125.4092,62.51,90,100,4.94
50,Caravelas,BR,2022-12-31 23:26:51,-17.7125,-39.2481,75.61,86,12,6.26
51,Batagay,RU,2022-12-31 23:26:51,67.6333,134.6333,-25.47,96,100,4.21
52,Bethel,US,2022-12-31 23:26:52,41.3712,-73.414,51.91,89,100,0.0
53,Mogadishu,SO,2022-12-31 23:26:52,2.0371,45.3438,77.79,84,34,14.81
54,Norman Wells,CA,2022-12-31 23:26:52,65.282,-126.8329,-11.16,84,75,3.44
55,Kaitangata,NZ,2022-12-31 23:26:53,-46.2817,169.8464,60.82,67,96,10.63
56,Dongkan,CN,2022-12-31 23:26:53,33.9997,119.8308,33.64,56,0,4.56
57,Kodiak,US,2022-12-31 23:26:53,57.79,-152.4072,38.71,87,100,25.32
58,Kapaa,US,2022-12-31 23:26:54,22.0752,-159.319,81.48,74,75,6.91
59,Aklavik,CA,2022-12-31 23:26:54,68.2191,-135.0107,-17.09,99,79,6.91
60,Constitucion,CL,2022-12-31 23:26:54,-35.3333,-72.4167,61.66,79,100,5.44
61,Busselton,AU,2022-12-31 23:26:54,-33.65,115.3333,60.04,78,56,10.58
62,Cherskiy,RU,2022-12-31 23:26:55,68.75,161.3,-47.76,99,96,4.14
63,Lumberton,US,2022-12-31 23:26:55,34.6182,-79.0086,68.0,94,75,9.22
64,Meridian,US,2022-12-31 23:26:55,43.6121,-116.3915,40.51,93,20,9.22
65,Waitati,NZ,2022-12-31 23:26:56,-45.75,170.5667,59.81,95,100,7.87
66,Agara,GE,2022-12-31 23:26:56,42.0376,43.8238,37.06,48,89,5.32
67,Guerrero Negro,MX,2022-12-31 23:26:56,27.9769,-114.0611,65.57,69,3,13.24
68,Vila Franca Do Campo,PT,2022-12-31 23:26:57,37.7167,-25.4333,50.41,71,82,12.44
69,Qaanaaq,GL,2022-12-31 23:26:57,77.484,-69.3632,-18.56,61,8,9.6
70,Necochea,AR,2022-12-31 23:26:57,-38.5473,-58.7368,63.46,56,0,17.2
71,Lompoc,US,2022-12-31 23:26:58,34.6391,-120.4579,59.77,92,100,12.66
72,Bengkulu,ID,2022-12-31 23:26:58,-3.8004,102.2655,73.13,89,100,4.9
73,Margate,GB,2022-12-31 23:26:58,51.3813,1.3862,54.9,87,100,11.01
74,Tomatlan,MX,2022-12-31 23:26:59,19.9333,-105.25,82.58,44,0,7.7
75,Trapani,IT,2022-12-31 23:26:59,37.8333,12.6667,55.89,87,0,2.3
76,Hilo,US,2022-12-31 23:26:57,19.7297,-155.09,78.53,78,40,11.5
77,Kloulklubed,PW,2022-12-31 23:26:59,7.0419,134.2556,77.5,77,78,12.88
78,The Valley,AI,2022-12-31 23:27:00,18.217,-63.0578,79.11,88,20,8.05
79,Olinda,BR,2022-12-31 23:27:00,-8.0089,-34.8553,74.93,83,100,9.22
80,Srednekolymsk,RU,2022-12-31 23:27:00,67.45,153.6833,-36.72,98,100,5.88
81,Saldanha,ZA,2022-12-31 23:27:01,-33.0117,17.9442,66.25,78,0,12.93
82,Carnarvon,AU,2022-12-31 23:27:01,-24.8667,113.6333,71.87,70,0,24.58
83,San Roque,ES,2022-12-31 23:27:01,36.2107,-5.3842,54.43,76,100,3.44
84,Warrington,GB,2022-12-31 23:27:02,53.3925,-2.5802,48.87,93,40,6.91
85,Palmeira,BR,2022-12-31 23:27:02,-25.4294,-50.0064,66.58,82,19,6.33
86,Acapulco,MX,2022-12-31 23:27:02,16.8634,-99.8901,84.02,65,20,8.05
87,Kahului,US,2022-12-31 23:27:02,20.8947,-156.47,83.97,69,20,8.05
88,Bathsheba,BB,2022-12-31 23:27:03,13.2167,-59.5167,79.41,73,20,18.41
89,Lebu,CL,2022-12-31 23:27:03,-37.6167,-73.65,61.36,77,8,4.9
90,Srandakan,ID,2022-12-31 23:27:03,-7.9386,110.2506,75.76,88,100,3.15
91,Ningxiang,CN,2022-12-31 23:27:04,37.34,111.2052,21.63,34,100,2.19
92,Padang,ID,2022-12-31 23:25:17,-0.9492,100.3543,73.45,82,100,3.27
93,Boyolangu,ID,2022-12-31 23:28:04,-8.1181,111.8935,74.39,91,99,7.38
94,Lazurne,UA,2022-12-31 23:28:05,46.084,32.5295,47.64,83,38,11.18
95,Iralaya,HN,2022-12-31 23:28:05,15.0,-83.2333,78.22,84,2,11.01
96,Beringovskiy,RU,2022-12-31 23:28:05,63.05,179.3167,-11.85,91,100,16.17
97,Bayji,IQ,2022-12-31 23:28:05,34.9311,43.487,50.45,47,0,7.25
98,Lavrentiya,RU,2022-12-31 23:28:06,65.5833,-171.0,-11.56,87,82,11.34
99,Hofn,IS,2022-12-31 23:28:06,64.2539,-15.2082,25.75,94,92,9.08
100,Luan,CH,2022-12-31 23:28:07,46.3592,6.9759,45.63,83,69,6.11
101,Waipawa,NZ,2022-12-31 23:28:07,-41.4122,175.5153,56.98,62,97,8.39
102,Atambua,ID,2022-12-31 23:28:07,-9.1061,124.8925,75.09,89,100,6.13
103,Osmena,PH,2022-12-31 23:28:07,10.5208,119.9258,80.37,84,90,15.01
104,Khatanga,RU,2022-12-31 23:28:08,71.9667,102.5,-2.24,84,100,21.23
105,Akdepe,TM,2022-12-31 23:28:08,42.0551,59.3788,17.69,64,70,7.45
106,Belmonte,BR,2022-12-31 23:28:08,-15.8631,-38.8828,76.24,87,1,7.43
107,Ucluelet,CA,2022-12-31 23:28:09,48.9329,-125.5528,47.08,88,63,4.0
108,Huaihua,CN,2022-12-31 23:28:09,27.5494,109.9592,40.41,85,100,2.42
109,Yumen,CN,2022-12-31 23:28:09,40.2833,97.2,16.29,47,100,4.83
110,Pringsewu,ID,2022-12-31 23:28:10,-5.3582,104.9744,71.1,96,100,1.01
111,Kozhva,RU,2022-12-31 23:28:10,65.1073,57.0459,-9.22,88,21,8.99
112,Atuona,PF,2022-12-31 23:28:10,-9.8,-139.0333,78.24,67,5,14.47
113,Yellowknife,CA,2022-12-31 23:26:25,62.456,-114.3525,3.72,92,100,10.36
114,Kungurtug,RU,2022-12-31 23:28:11,50.5994,97.5228,-15.34,98,36,1.61
115,Torbay,CA,2022-12-31 23:28:11,47.6666,-52.7314,42.89,95,75,21.85
116,Nouakchott,MR,2022-12-31 23:28:11,18.0858,-15.9785,69.73,34,2,10.67
117,Saskylakh,RU,2022-12-31 23:28:12,71.9167,114.0833,4.73,92,100,25.61
118,Punta Arenas,CL,2022-12-31 23:28:12,-53.15,-70.9167,55.51,44,75,40.29
119,Dikson,RU,2022-12-31 23:28:12,73.5069,80.5464,-7.33,96,84,20.74
120,Avarua,CK,2022-12-31 23:28:13,-21.2078,-159.775,84.25,84,75,6.91
121,Tessalit,ML,2022-12-31 23:28:13,20.1986,1.0114,61.45,16,62,13.0
122,Griffith,US,2022-12-31 23:28:13,41.5284,-87.4237,38.05,82,40,5.75
123,Upernavik,GL,2022-12-31 23:28:14,72.7868,-56.1549,-19.12,92,55,7.18
124,Bilibino,RU,2022-12-31 23:28:14,68.0546,166.4372,-32.22,98,21,3.71
125,Zhangye,CN,2022-12-31 23:28:14,38.9342,100.4517,19.27,38,100,0.76
126,Sinjar,IQ,2022-12-31 23:28:15,36.3209,41.8754,44.58,38,0,2.51
127,Sao Filipe,CV,2022-12-31 23:28:15,14.8961,-24.4956,72.36,69,14,5.75
128,Banyo,CM,2022-12-31 23:28:16,6.75,11.8167,65.95,35,11,3.58
129,Chicama,PE,2022-12-31 23:28:16,-7.8447,-79.1469,64.94,72,98,6.96
130,Coihaique,CL,2022-12-31 23:28:16,-45.5752,-72.0662,60.75,44,75,9.22
131,Ponta Do Sol,PT,2022-12-31 23:28:17,32.6667,-17.1,70.0,74,17,9.24
132,Talnakh,RU,2022-12-31 23:28:17,69.4865,88.3972,-19.89,78,29,5.53
133,Cabo San Lucas,MX,2022-12-31 23:26:37,22.8909,-109.9124,76.6,46,0,8.05
134,Rio Esteban,HN,2022-12-31 23:28:17,15.8333,-86.3,80.65,84,12,8.34
135,Senneterre,CA,2022-12-31 23:28:18,48.3835,-77.2328,30.02,97,100,2.53
136,Sakakah,SA,2022-12-31 23:28:18,29.9697,40.2064,53.17,74,47,11.05
137,Simao,CN,2022-12-31 23:28:18,22.7886,100.9748,50.74,98,96,2.42
138,Tasiilaq,GL,2022-12-31 23:29:19,65.6145,-37.6368,-3.84,58,10,10.2
139,Fairbanks,US,2022-12-31 23:25:32,64.8378,-147.7164,0.09,84,0,0.0
140,Lagoa,PT,2022-12-31 23:29:19,39.05,-27.9833,53.71,55,59,23.15
141,Tomislavgrad,BA,2022-12-31 23:29:20,43.7181,17.2267,41.79,92,9,0.43
142,Yulara,AU,2022-12-31 23:29:20,-25.2406,130.9889,90.32,28,59,11.86
143,Alofi,NU,2022-12-31 23:29:20,-19.0595,-169.9187,82.29,83,100,11.5
144,Hermanus,ZA,2022-12-31 23:29:21,-34.4187,19.2345,66.79,84,1,15.21
145,San Cristobal,VE,2022-12-31 23:29:21,7.7669,-72.225,73.58,89,8,2.73
146,Lucapa,AO,2022-12-31 23:29:21,-8.4192,20.7447,65.98,96,100,2.95
147,Puerto Ayora,EC,2022-12-31 23:29:22,-0.7393,-90.3518,73.54,95,49,3.0
148,Tabou,CI,2022-12-31 23:29:22,4.423,-7.3528,78.08,76,57,7.09
149,Ararat,AM,2022-12-31 23:29:22,39.8317,44.7049,19.74,47,7,1.81
150,Huangnihe,CN,2022-12-31 23:29:23,43.5583,128.0239,4.77,86,31,11.79
151,Nikolskoye,RU,2022-12-31 23:29:23,59.7035,30.7861,37.8,98,100,11.45
152,Loiza,PR,2022-12-31 23:29:23,18.4313,-65.8802,79.07,80,40,9.22
153,Mareeba,AU,2022-12-31 23:29:24,-17.0,145.4333,80.47,90,100,0.72
154,Umm Kaddadah,SD,2022-12-31 23:29:24,13.6017,26.6876,61.39,23,1,13.53
155,Douentza,ML,2022-12-31 23:29:24,14.9951,-2.9517,69.84,13,95,5.41
156,Sao Joao Da Barra,BR,2022-12-31 23:29:25,-21.6403,-41.0511,77.09,90,98,14.34
157,Iqaluit,CA,2022-12-31 23:29:25,63.7506,-68.5145,-14.31,68,0,0.0
158,Chuy,UY,2022-12-31 23:29:25,-33.6971,-53.4616,69.21,85,1,11.14
159,Tual,ID,2022-12-31 23:29:26,-5.6667,132.75,83.86,76,100,21.47
160,Inverell,AU,2022-12-31 23:29:26,-29.7833,151.1167,84.67,55,0,1.99
161,Leshukonskoye,RU,2022-12-31 23:29:26,64.8989,45.7622,14.04,92,100,12.33
162,Saint-Georges,GD,2022-12-31 23:28:21,12.0564,-61.7485,78.48,83,20,11.5
163,Lahaina,US,2022-12-31 23:29:27,20.8783,-156.6825,82.96,79,45,4.21
164,Tuktoyaktuk,CA,2022-12-31 23:29:27,69.4541,-133.0374,-11.2,77,20,8.05
165,Esperance,AU,2022-12-31 23:29:27,-33.8667,121.9,64.38,64,24,12.68
166,Demyansk,RU,2022-12-31 23:29:28,57.643,32.466,36.09,99,100,9.15
167,Micheweni,TZ,2022-12-31 23:29:28,-4.9667,39.8333,79.79,78,39,9.37
168,Hithadhoo,MV,2022-12-31 23:29:28,-0.6,73.0833,80.24,74,22,5.21
169,Arraial Do Cabo,BR,2022-12-31 23:29:29,-22.9661,-42.0278,74.97,89,85,22.55
170,Marzuq,YE,2022-12-31 23:29:29,14.4,46.4667,64.99,63,86,0.96
171,Adelaide,AU,2022-12-31 23:25:44,-34.9333,138.6,91.08,34,0,6.91
172,Asau,RO,2022-12-31 23:29:29,46.4333,26.4,40.28,88,41,7.61
173,New Norfolk,AU,2022-12-31 23:29:30,-42.7826,147.0587,75.92,54,3,1.99
174,Mocuba,MZ,2022-12-31 23:29:30,-16.8392,36.9856,70.09,98,5,1.12
175,Calabozo,VE,2022-12-31 23:29:30,8.9242,-67.4293,85.28,49,83,5.64
176,Mar Del Plata,AR,2022-12-31 23:29:30,-38.0023,-57.5575,67.08,81,40,15.01
177,Qasigiannguit,GL,2022-12-31 23:29:31,68.8193,-51.1922,7.05,98,100,6.42
178,Nanortalik,GL,2022-12-31 23:29:31,60.1432,-45.2371,10.44,73,28,6.55
179,Cap Malheureux,MU,2022-12-31 23:29:31,-19.9842,57.6142,72.46,86,9,4.56
180,Panjab,AF,2022-12-31 23:29:32,34.388,67.0233,-4.9,65,78,5.86
181,Mecca,SA,2022-12-31 23:24:39,21.4267,39.8261,70.2,76,3,2.55
182,Chokurdakh,RU,2022-12-31 23:29:32,70.6333,147.9167,-24.02,98,98,10.6
183,Lorengau,PG,2022-12-31 23:29:33,-2.0226,147.2712,82.9,78,97,5.08
184,Barcelos,PT,2022-12-31 23:30:33,41.5388,-8.6151,56.84,96,100,7.74
185,Port Moresby,PG,2022-12-31 23:30:33,-9.4431,147.1797,81.82,74,75,11.5
186,Trairi,BR,2022-12-31 23:26:15,-3.2778,-39.2689,79.9,76,100,9.82
187,Grand Gaube,MU,2022-12-31 23:30:34,-20.0064,57.6608,72.37,86,7,4.27
188,Daru,PG,2022-12-31 23:30:34,-9.0763,143.2092,82.8,71,100,15.08
189,Pangnirtung,CA,2022-12-31 23:30:35,66.1451,-65.7125,-17.43,98,100,4.03
190,Castro,BR,2022-12-31 23:30:35,-24.7911,-50.0119,63.86,89,24,4.38
191,Leningradskiy,RU,2022-12-31 23:30:35,69.3833,178.4167,-32.42,97,24,4.68
192,Fundao,BR,2022-12-31 23:30:36,-19.9341,-40.4047,78.33,96,80,1.99
193,Mayo,US,2022-12-31 23:27:19,38.8876,-76.5119,58.08,95,100,5.75
194,Setermoen,NO,2022-12-31 23:30:36,68.861,18.3486,32.11,93,100,4.92
195,Sovetskiy,RU,2022-12-31 23:30:37,61.3614,63.5842,-31.67,100,100,1.63
196,Rajapur,IN,2022-12-31 23:30:37,25.3833,81.15,49.66,60,0,2.19
197,Codrington,AU,2022-12-31 23:30:37,-38.2667,141.9667,83.48,42,34,3.56
198,Axim,GH,2022-12-31 23:30:38,4.8699,-2.2405,77.77,82,82,5.41
199,Chumphon,TH,2022-12-31 23:30:38,10.3333,98.8333,63.12,90,97,1.95
200,Conceicao Do Araguaia,BR,2022-12-31 23:30:38,-8.2578,-49.2647,75.06,88,44,1.79
201,Nagar Karnul,IN,2022-12-31 23:30:39,16.4821,78.3247,68.47,67,50,0.16
202,Abbeville,FR,2022-12-31 23:30:39,50.1,1.8333,60.26,77,100,24.99
203,Letka,RU,2022-12-31 23:30:40,59.6011,49.4232,12.47,95,99,7.27
204,Zhigansk,RU,2022-12-31 23:30:40,66.7697,123.3711,-10.12,99,100,8.1
205,Ancud,CL,2022-12-31 23:30:40,-41.8697,-73.8203,57.54,82,100,14.32
206,Ballina,AU,2022-12-31 23:30:41,-28.8667,153.5667,75.78,85,31,8.19
207,Narsaq,GL,2022-12-31 23:30:41,60.9167,-46.05,-3.78,62,59,7.18
208,Okhotsk,RU,2022-12-31 23:30:41,59.3833,143.3,-6.59,94,100,15.28
209,Montpellier,FR,2022-12-31 23:30:42,43.6109,3.8772,58.48,92,100,16.11
210,Kalangala,UG,2022-12-31 23:30:42,-0.3089,32.225,67.35,72,99,8.05
211,Los Llanos De Aridane,ES,2022-12-31 23:30:42,28.6585,-17.9182,65.95,78,75,9.22
212,Umm Lajj,SA,2022-12-31 23:30:43,25.0213,37.2685,70.07,67,85,6.93
213,Narasannapeta,IN,2022-12-31 23:30:43,18.4167,84.05,71.44,82,65,3.15
214,Prince Rupert,CA,2022-12-31 23:28:08,54.3161,-130.3201,40.69,98,100,18.41
215,Saint-Francois,FR,2022-12-31 23:30:43,46.4154,3.9054,56.64,67,0,13.8
216,Placido De Castro,BR,2022-12-31 23:30:44,-10.3353,-67.1856,75.7,85,56,2.35
217,Sept-Iles,CA,2022-12-31 23:30:45,50.2001,-66.3821,37.4,85,100,6.91
218,Ambulu,ID,2022-12-31 23:30:45,-8.345,113.6058,77.34,85,100,3.36
219,Walvis Bay,NA,2022-12-31 23:30:45,-22.9575,14.5053,65.35,88,80,4.61
220,Mahebourg,MU,2022-12-31 23:30:46,-20.4081,57.7,72.25,83,20,3.44
221,Kuusamo,FI,2022-12-31 23:30:46,65.9667,29.1833,32.04,100,100,14.97
222,Batagay-Alyta,RU,2022-12-31 23:30:46,67.8006,130.4114,-19.64,88,91,3.74
223,Quatre Cocos,MU,2022-12-31 23:30:47,-20.2078,57.7625,72.09,72,57,4.45
224,San Patricio,US,2022-12-31 23:30:47,28.017,-97.5169,80.55,57,0,10.36
225,San Vicente,AR,2022-12-31 23:30:47,-26.6167,-54.1333,75.81,58,52,4.0
226,Narrabri,AU,2022-12-31 23:30:48,-30.3167,149.7833,81.52,58,3,1.99
227,Sisimiut,GL,2022-12-31 23:30:48,66.9395,-53.6735,5.85,82,100,8.39
228,Najran,SA,2022-12-31 23:26:39,17.4924,44.1277,52.45,58,11,2.3
229,Cidreira,BR,2022-12-31 23:30:49,-30.1811,-50.2056,71.89,89,0,10.49
230,Clyde River,CA,2022-12-31 23:30:49,70.4692,-68.5914,-21.77,69,0,16.11
231,Gat,IL,2022-12-31 23:31:49,31.61,34.7642,59.77,100,58,14.05
232,Ilulissat,GL,2022-12-31 23:31:50,69.2167,-51.1,6.82,66,100,13.8
233,Mankono,CI,2022-12-31 23:31:50,8.0586,-6.1897,71.76,17,2,4.36
234,Tottori,JP,2022-12-31 23:31:50,35.5,134.2333,44.67,61,75,5.75
235,Sevierville,US,2022-12-31 23:31:51,35.8681,-83.5618,59.29,91,75,5.75
236,Zeya,RU,2022-12-31 23:31:51,53.75,127.2667,-22.18,90,41,5.28
237,Hay River,CA,2022-12-31 23:31:51,60.8156,-115.7999,6.78,85,75,0.0
238,Kruisfontein,ZA,2022-12-31 23:31:52,-34.0033,24.7314,62.89,94,6,4.23
239,Faanui,PF,2022-12-31 23:31:52,-16.4833,-151.75,81.03,75,100,13.15
240,Kholodnyy,RU,2022-12-31 23:31:52,62.7167,147.95,-29.74,100,97,1.1
241,Cairns,AU,2022-12-31 23:31:53,-16.9167,145.7667,85.1,74,100,0.0
242,Puerto Baquerizo Moreno,EC,2022-12-31 23:31:53,-0.9,-89.6,72.79,88,49,10.11
243,Whitehorse,CA,2022-12-31 23:31:53,60.7161,-135.0538,11.17,84,20,5.75
244,San Carlos De Bariloche,AR,2022-12-31 23:30:08,-41.1456,-71.3082,67.75,26,20,28.77
245,Vanderhoof,CA,2022-12-31 23:30:45,54.0166,-124.0198,20.55,99,93,1.59
246,Sorong,ID,2022-12-31 23:31:54,-0.8833,131.25,83.44,68,95,14.56
247,Shingu,JP,2022-12-31 23:31:54,33.7333,135.9833,45.9,57,3,4.16
248,Progreso,MX,2022-12-31 23:31:55,21.2833,-89.6667,87.91,83,66,11.86
249,Dashitou,CN,2022-12-31 23:31:55,43.3067,128.5114,5.52,82,71,13.58
250,Kudahuvadhoo,MV,2022-12-31 23:31:55,2.6708,72.8944,81.09,72,28,15.73
251,Coahuayana,MX,2022-12-31 23:31:56,18.7333,-103.6833,78.49,64,1,3.53
252,East London,ZA,2022-12-31 23:31:56,-33.0153,27.9116,66.31,82,57,10.65
253,Ostrovnoy,RU,2022-12-31 23:31:56,68.0531,39.5131,19.2,89,95,23.02
254,Vila Do Maio,CV,2022-12-31 23:31:57,15.1333,-23.2167,72.39,75,27,10.25
255,Grindavik,IS,2022-12-31 23:31:57,63.8424,-22.4338,30.67,80,75,6.91
256,Saint George,US,2022-12-31 23:28:42,37.1041,-113.5841,45.19,93,100,0.0
257,Senanga,ZM,2022-12-31 23:31:57,-16.1167,23.2667,66.58,92,92,5.01
258,Hami,CN,2022-12-31 23:31:58,42.8,93.45,17.31,57,88,2.28
259,Te Anau,NZ,2022-12-31 23:31:58,-45.4167,167.7167,67.82,51,100,1.83
260,Paka,MY,2022-12-31 23:31:59,4.6374,103.4368,73.33,94,40,0.0
261,Keetmanshoop,NA,2022-12-31 23:31:59,-26.5833,18.1333,81.95,14,16,10.8
262,Arlit,NE,2022-12-31 23:31:59,18.7369,7.3853,58.32,23,17,6.31
263,Benicarlo,ES,2022-12-31 23:31:37,40.4165,0.4271,53.24,72,21,0.65
264,Vao,NC,2022-12-31 23:32:00,-22.6667,167.4833,77.18,80,39,20.67
265,Ponta Delgada,PT,2022-12-31 23:32:00,37.7333,-25.6667,50.72,71,40,9.22
266,Inta,RU,2022-12-31 23:32:00,66.0317,60.1659,-23.37,97,6,2.42
267,Tilichiki,RU,2022-12-31 23:32:00,60.4667,166.1,-19.05,96,83,9.15
268,Kapra,IN,2022-12-31 23:32:01,17.4846,78.561,66.9,61,67,2.95
269,Skibbereen,IE,2022-12-31 23:32:01,51.55,-9.2667,44.11,83,86,17.98
270,Baruun-Urt,MN,2022-12-31 23:32:02,46.6806,113.2792,-10.46,92,5,6.4
271,La Ronge,CA,2022-12-31 23:32:02,55.1001,-105.2842,8.85,78,100,4.61
272,Kodinsk,RU,2022-12-31 23:32:02,58.6881,99.1844,-30.14,100,8,2.8
273,Upata,VE,2022-12-31 23:32:03,8.0086,-62.3989,72.19,96,24,3.65
274,Saint-Philippe,RE,2022-12-31 23:32:03,-21.3585,55.7679,74.79,80,30,3.09
275,Vrangel,RU,2022-12-31 23:33:03,42.7297,133.0839,16.86,63,1,13.18
276,Severo-Kurilsk,RU,2022-12-31 23:33:04,50.6789,156.125,27.34,72,98,7.38
277,Pandamatenga,BW,2022-12-31 23:33:04,-18.5278,25.627,66.07,88,81,8.41
278,Puro,PH,2022-12-31 23:33:04,12.4841,123.3827,79.16,86,75,7.4
279,Tonekabon,IR,2022-12-31 23:33:05,36.8163,50.8738,50.61,70,2,1.83
280,Chiang Khong,TH,2022-12-31 23:33:05,20.2613,100.4046,58.1,95,42,1.45
281,Vostok,RU,2022-12-31 23:33:06,46.4856,135.8833,-7.22,98,92,5.19
282,Kuala Terengganu,MY,2022-12-31 23:33:06,5.3302,103.1408,73.35,94,20,1.14
283,Roald,NO,2022-12-31 23:33:07,62.5833,6.1333,37.76,64,75,13.8
284,Itaituba,BR,2022-12-31 23:33:07,-4.2761,-55.9836,73.72,99,79,1.79
285,Hamilton,US,2022-12-31 23:30:40,39.1834,-84.5333,49.71,87,100,8.05
286,Pevek,RU,2022-12-31 23:33:08,69.7008,170.3133,-36.49,99,40,1.52
287,Oistins,BB,2022-12-31 23:30:30,13.0667,-59.5333,78.89,73,20,18.41
288,Sidi Ali,DZ,2022-12-31 23:33:08,36.0998,0.4206,57.31,41,79,3.98
289,Nueva Loja,EC,2022-12-31 23:33:09,0.0847,-76.8828,74.64,84,81,1.99
290,Chornyanka,UA,2022-12-31 23:33:09,46.6522,33.359,41.79,86,69,7.23
291,Hatillo,PR,2022-12-31 23:33:10,18.4863,-66.8254,79.11,81,2,5.99
292,Dukat,RU,2022-12-31 23:33:10,62.55,155.55,-32.96,98,89,3.69
293,Broome,US,2022-12-31 23:33:10,42.2506,-75.833,51.01,83,100,6.91
294,Manado,ID,2022-12-31 23:33:12,1.487,124.8455,79.57,89,40,1.14
295,Vardo,NO,2022-12-31 23:33:12,70.3705,31.1107,30.18,86,100,28.77
296,Peleduy,RU,2022-12-31 23:33:12,59.6289,112.7406,-14.19,92,100,10.63
297,Maunabo,PR,2022-12-31 23:33:13,18.0072,-65.8993,78.64,89,0,8.61
298,Tapejara,BR,2022-12-31 23:28:38,-28.0681,-52.0139,72.77,49,1,2.35
299,Caceres,ES,2022-12-31 23:33:13,39.522,-6.3748,47.28,77,77,6.46
300,Lancaster,US,2022-12-31 23:30:40,40.2504,-76.2499,52.52,88,100,3.44
301,Novomikhaylovskiy,RU,2022-12-31 23:33:14,44.2581,38.8578,48.13,79,11,7.63
302,Ambilobe,MG,2022-12-31 23:33:14,-13.2,49.05,72.68,93,58,2.82
303,Mae Hong Son,TH,2022-12-31 23:33:15,19.3003,97.9685,64.54,94,75,0.0
304,Chokwe,MZ,2022-12-31 23:33:15,-24.5333,32.9833,69.78,79,94,6.53
305,Makamba,BI,2022-12-31 23:33:15,-4.1348,29.804,59.99,89,71,2.98
306,Terrace,CA,2022-12-31 23:32:44,54.5163,-128.6035,31.91,86,75,0.0
307,Segou,ML,2022-12-31 23:33:16,13.4317,-6.2157,71.44,13,74,9.24
308,Yibin,CN,2022-12-31 23:33:16,28.7667,104.6238,45.95,83,88,1.52
309,Whakatane,NZ,2022-12-31 23:33:16,-37.9585,176.9854,71.89,58,97,8.99
310,Bubaque,GW,2022-12-31 23:33:17,11.2833,-15.8333,78.6,75,92,10.38
311,Komsomolskiy,UZ,2022-12-31 23:33:17,40.4272,71.7189,36.32,87,100,2.3
312,Vigrestad,NO,2022-12-31 23:33:18,58.5667,5.7,34.97,84,92,12.37
313,Doctor Phillips,US,2022-12-31 23:33:18,28.4495,-81.4923,73.4,93,100,12.66
314,Nanga Eboko,CM,2022-12-31 23:33:18,4.6833,12.3667,66.07,43,11,1.57
315,Saint-Joseph,RE,2022-12-31 23:33:18,-21.3667,55.6167,73.78,80,21,1.39
316,Vyartsilya,RU,2022-12-31 23:33:19,62.1764,30.693,37.62,100,100,11.21
317,Skjervoy,NO,2022-12-31 23:33:19,70.0311,20.9714,30.2,69,100,15.55
318,Mount Gambier,AU,2022-12-31 23:33:19,-37.8333,140.7667,85.21,32,25,4.85
319,Suntar,RU,2022-12-31 23:33:20,62.1444,117.6319,2.05,95,100,10.02
320,Sorland,NO,2022-12-31 23:34:20,67.667,12.6934,33.66,68,99,29.28
321,Kjollefjord,NO,2022-12-31 23:34:20,70.9457,27.3465,30.25,86,100,12.66
322,Concarneau,FR,2022-12-31 23:34:21,47.875,-3.9225,57.81,81,100,21.65
323,Hammerfest,NO,2022-12-31 23:34:21,70.6634,23.6821,28.85,80,75,16.11
324,Waingapu,ID,2022-12-31 23:34:21,-9.6567,120.2641,82.4,73,99,17.02
325,Sao Joao Do Piaui,BR,2022-12-31 23:34:22,-8.3581,-42.2467,78.28,43,72,4.36
326,Surt,LY,2022-12-31 23:34:22,31.2089,16.5887,60.49,65,3,1.36
327,Pokrovsk,UA,2022-12-31 23:34:22,48.282,37.1758,36.14,93,93,8.9
328,Honningsvag,NO,2022-12-31 23:34:23,70.9821,25.9704,29.95,80,100,24.16
329,Deer Lake,CA,2022-12-31 23:34:23,49.1667,-57.4316,39.06,100,100,4.61
330,Victoria,HK,2022-12-31 23:34:03,22.2855,114.1577,61.25,72,88,11.01
331,Shipunovo,RU,2022-12-31 23:34:23,52.1582,82.2173,27.21,86,100,18.95
332,Kavieng,PG,2022-12-31 23:34:24,-2.5744,150.7967,83.91,73,87,6.33
333,Coquimbo,CL,2022-12-31 23:34:24,-29.9533,-71.3436,67.73,68,20,11.5
334,Wynyard,AU,2022-12-31 23:34:24,-41.0,145.7167,66.97,94,100,12.33
335,Itarema,BR,2022-12-31 23:34:25,-2.9248,-39.9167,80.33,73,100,12.62
336,Roma,US,2022-12-31 23:31:07,43.2128,-75.4557,52.66,97,100,3.44
337,Lensk,RU,2022-12-31 23:34:25,60.7253,114.9278,-6.77,92,100,14.27
338,Solnechnyy,RU,2022-12-31 23:34:26,50.7214,136.6319,-0.9,96,100,0.51
339,Oruro,BO,2022-12-31 23:34:26,-17.9833,-67.15,53.26,59,96,12.39
340,Kashi,CN,2022-12-31 23:34:26,39.4547,75.9797,18.61,57,28,8.95
341,Dingle,PH,2022-12-31 23:34:27,10.9995,122.6711,77.85,90,100,8.55
342,College,US,2022-12-31 23:34:27,64.8569,-147.8028,-5.48,84,40,0.0
343,Stornoway,GB,2022-12-31 23:34:27,58.2093,-6.3865,35.56,79,20,5.75
344,Fort Nelson,CA,2022-12-31 23:34:28,58.8053,-122.7002,-2.06,80,75,0.0
345,Fortuna,US,2022-12-31 23:34:28,40.5982,-124.1573,53.94,88,100,14.97
346,Aksarka,RU,2022-12-31 23:34:28,66.5606,67.7975,-27.83,100,92,2.06
347,Luchegorsk,RU,2022-12-31 23:34:29,46.4764,134.2569,-9.92,99,57,4.83
348,Kupino,RU,2022-12-31 23:34:29,54.3663,77.2981,19.38,96,100,7.2
349,Mazamari,PE,2022-12-31 23:34:29,-11.3258,-74.5308,69.03,98,100,1.19
350,Copiapo,CL,2022-12-31 23:34:31,-27.3667,-70.3333,65.89,55,2,6.78
351,Port Lincoln,AU,2022-12-31 23:34:31,-34.7333,135.8667,74.23,58,0,4.21
352,Hauterive,FR,2022-12-31 23:34:31,46.0901,3.4459,56.16,75,32,11.16
353,Grosseto,IT,2022-12-31 23:34:31,42.8333,11.25,56.91,87,20,4.61
354,Lumeje,AO,2022-12-31 23:34:32,-11.55,20.7833,65.14,98,100,2.33
355,Carutapera,BR,2022-12-31 23:34:32,-1.195,-46.02,77.52,86,99,7.09
356,Camacha,PT,2022-12-31 23:34:32,33.0833,-16.3333,63.82,88,20,19.57
357,Taoudenni,ML,2022-12-31 23:34:33,22.6783,-3.9836,64.53,21,72,9.44
358,Riachao Das Neves,BR,2022-12-31 23:34:33,-11.7461,-44.91,73.17,83,36,2.37
359,Opotiki,NZ,2022-12-31 23:34:34,-38.0833,177.2833,71.38,46,83,10.98
360,Tiznit,MA,2022-12-31 23:34:34,29.5833,-9.5,59.63,31,100,4.74
361,Geraldton,AU,2022-12-31 23:31:35,-28.7667,114.6,70.21,60,0,17.27
362,Orotukan,RU,2022-12-31 23:34:34,62.2667,151.7,-30.69,98,67,3.29
363,Meadow Lake,US,2022-12-31 23:30:40,34.8014,-106.5436,53.69,50,78,7.02
364,Kinsale,IE,2022-12-31 23:34:35,51.7075,-8.5306,43.97,93,40,11.5
365,Valparaiso,CL,2022-12-31 23:31:05,-33.0393,-71.6273,68.23,87,40,5.75
366,Chinhoyi,ZW,2022-12-31 23:35:35,-17.3667,30.2,65.77,83,83,6.17
367,Utevka,RU,2022-12-31 23:35:35,52.9035,50.9495,31.39,99,100,3.04
368,Terme,TR,2022-12-31 23:35:36,41.2092,36.9739,39.13,59,70,4.0
369,Rutana,BI,2022-12-31 23:35:36,-3.8667,30.1,54.97,90,64,3.67
370,Evensk,RU,2022-12-31 23:35:36,61.95,159.2333,-15.27,76,56,6.42
371,Weligama,LK,2022-12-31 23:35:37,5.9667,80.4167,71.47,91,70,3.42
372,Kadyy,RU,2022-12-31 23:35:37,57.787,43.1903,32.81,96,99,6.98
373,North Bend,US,2022-12-31 23:30:39,43.4065,-124.2243,51.71,82,20,8.05
374,Kurilsk,RU,2022-12-31 23:35:37,45.2333,147.8833,32.43,75,88,9.98
375,Niquelandia,BR,2022-12-31 23:35:38,-14.4739,-48.4597,71.58,89,95,1.34
376,Salalah,OM,2022-12-31 23:31:21,17.0151,54.0924,77.09,36,0,6.91
377,Manzhouli,CN,2022-12-31 23:35:38,49.6,117.4333,-8.77,88,11,12.39
378,Klaksvik,FO,2022-12-31 23:35:38,62.2266,-6.589,36.52,64,14,27.63
379,Havelock,US,2022-12-31 23:35:39,34.8791,-76.9013,69.8,88,75,13.8
380,Oksfjord,NO,2022-12-31 23:35:39,70.2396,22.3479,33.98,88,100,11.21
381,Nizhniy Kuranakh,RU,2022-12-31 23:35:39,58.8353,125.4869,-6.54,96,100,9.19
382,Along,IN,2022-12-31 23:35:40,28.1667,94.7667,45.82,86,4,1.72
383,Alice Springs,AU,2022-12-31 23:35:40,-23.7,133.8833,88.21,40,66,8.05
384,Rottenmann,AT,2022-12-31 23:35:41,47.5167,14.35,43.56,71,63,6.33
385,Muravlenko,RU,2022-12-31 23:35:41,63.7898,74.523,-16.76,100,96,4.52
386,Puerto Narino,CO,2022-12-31 23:35:41,-3.7703,-70.3831,72.57,98,90,3.71
387,Fengrun,CN,2022-12-31 23:35:42,39.8333,118.1167,23.09,42,2,2.01
388,Jermuk,AM,2022-12-31 23:35:42,39.8417,45.6723,18.43,47,7,3.44
389,Mbumi,TZ,2022-12-31 23:35:42,-7.9058,39.2105,73.36,95,85,1.36
390,Saint Anthony,US,2022-12-31 23:35:43,45.0205,-93.218,35.91,83,100,11.5
391,Choix,MX,2022-12-31 23:35:43,26.7092,-108.3219,75.6,30,0,4.21
392,Hambantota,LK,2022-12-31 23:35:43,6.1241,81.1185,70.97,85,75,11.01
393,Havoysund,NO,2022-12-31 23:35:44,70.9963,24.6622,30.43,82,100,14.63
394,Yenagoa,NG,2022-12-31 23:35:44,4.9247,6.2642,74.37,77,63,2.98
395,Nouadhibou,MR,2022-12-31 23:35:44,20.931,-17.0347,71.58,64,57,5.75
396,Gemena,CD,2022-12-31 23:35:45,3.25,19.7667,74.19,47,45,0.63
397,Cosala,MX,2022-12-31 23:35:45,24.4125,-106.6908,73.44,45,0,3.69
398,Lakes Entrance,AU,2022-12-31 23:35:45,-37.8811,147.981,77.52,58,1,5.37
399,Salinopolis,BR,2022-12-31 23:35:45,-0.6136,-47.3561,78.91,84,94,11.5
400,Rohatyn,UA,2022-12-31 23:35:46,49.409,24.6093,49.66,77,100,13.6
401,Feijo,BR,2022-12-31 23:35:46,-8.1642,-70.3536,73.53,95,99,2.1
402,Thunder Bay,CA,2022-12-31 23:30:46,48.4001,-89.3168,22.98,80,100,2.3
403,Mitsamiouli,KM,2022-12-31 23:35:47,-11.3847,43.2844,80.13,72,96,5.59
404,Souillac,MU,2022-12-31 23:35:47,-20.5167,57.5167,71.98,83,20,3.44
405,Kayseri,TR,2022-12-31 23:35:48,38.737,35.4968,24.82,93,0,4.61
406,Kazanskaya,RU,2022-12-31 23:35:48,45.4106,40.4361,39.52,95,51,5.88
407,Mawlaik,MM,2022-12-31 23:35:48,23.6333,94.4167,52.48,83,9,0.49
408,Husavik,IS,2022-12-31 23:35:49,66.0449,-17.3389,14.54,93,100,3.36
409,Eureka,US,2022-12-31 23:35:49,40.8021,-124.1637,54.21,89,90,11.01
410,Aloleng,PH,2022-12-31 23:35:49,16.1307,119.7824,79.84,71,82,4.88
411,Litovko,RU,2022-12-31 23:35:49,49.2361,135.1742,-11.45,92,20,4.88
412,Washougal,US,2022-12-31 23:35:45,45.5826,-122.3534,49.95,93,100,3.44
413,Inuvik,CA,2022-12-31 23:35:50,68.3499,-133.7218,-2.99,100,30,2.89
414,Lazarev,RU,2022-12-31 23:36:50,52.225,141.5131,-1.98,90,100,11.79
415,Toamasina,MG,2022-12-31 23:36:51,-18.1667,49.3833,71.6,94,40,2.3
416,Sibolga,ID,2022-12-31 23:36:51,1.7427,98.7792,75.04,83,100,2.89
417,Vila Velha,BR,2022-12-31 23:33:49,-20.3297,-40.2925,78.75,90,75,6.91
418,Half Moon Bay,US,2022-12-31 23:36:51,37.4636,-122.4286,55.89,96,100,16.11
419,Tura,IN,2022-12-31 23:36:52,25.5198,90.2201,53.71,70,0,3.42
420,Russkaya Polyana,UA,2022-12-31 23:36:52,49.417,31.9201,40.95,85,99,13.29
421,Beloha,MG,2022-12-31 23:36:52,-25.1667,45.05,71.02,89,16,7.96
422,Coihueco,CL,2022-12-31 23:36:53,-36.6167,-71.8333,66.94,64,75,5.75
423,Tamandare,BR,2022-12-31 23:36:53,-8.7597,-35.1047,77.34,84,76,7.16
424,Zholymbet,KZ,2022-12-31 23:36:53,51.7433,71.7122,1.65,95,91,12.41
425,Katsuura,JP,2022-12-31 23:36:54,35.1333,140.3,47.16,55,5,8.57
426,Manono,CD,2022-12-31 23:36:54,-7.3,27.4167,67.55,96,91,3.44
427,Lardos,GR,2022-12-31 23:36:54,36.0942,28.0157,57.02,76,47,3.6
428,Khasan,RU,2022-12-31 23:36:55,42.4308,130.6434,20.86,51,1,16.51
429,Sokolo,ML,2022-12-31 23:36:55,14.7328,-6.1219,72.82,11,90,9.46
430,Miles City,US,2022-12-31 23:33:15,46.4083,-105.8406,36.57,75,0,6.91
431,Nome,US,2022-12-31 23:36:55,64.5011,-165.4064,17.67,67,100,8.05
432,Rawson,AR,2022-12-31 23:36:56,-43.3002,-65.1023,73.6,43,9,36.46
433,Povenets,RU,2022-12-31 23:36:56,62.8487,34.8262,32.95,98,100,13.8
434,Samarai,PG,2022-12-31 23:36:56,-10.6167,150.6667,82.44,75,100,6.08
435,Buala,SB,2022-12-31 23:36:56,-8.145,159.5921,85.98,66,98,6.8
436,Thompson,CA,2022-12-31 23:36:57,55.7435,-97.8558,6.96,85,75,2.3
437,Ialibu,PG,2022-12-31 23:36:57,-6.2821,143.9935,62.65,78,100,2.33
438,Foki,RU,2022-12-31 23:36:58,56.693,54.3499,11.19,94,100,8.63
439,Hirtshals,DK,2022-12-31 23:36:58,57.5881,9.9592,42.35,84,100,7.99
440,Shelburne,CA,2022-12-31 23:36:58,44.0787,-80.2041,35.11,99,100,7.92
441,Monclova,MX,2022-12-31 23:34:56,26.9,-101.4167,72.19,28,0,5.77
442,Praia Da Vitoria,PT,2022-12-31 23:36:59,38.7333,-27.0667,50.25,76,40,21.5
443,Sibu,MY,2022-12-31 23:36:59,2.3,111.8167,73.71,94,40,3.44
444,Taonan,CN,2022-12-31 23:36:59,45.3333,122.7833,4.89,68,0,11.48
445,Dannenberg,DE,2022-12-31 23:37:00,53.0967,11.09,59.14,59,100,19.71
446,Riverton,US,2022-12-31 23:35:19,40.5219,-111.9391,41.25,88,100,8.05
447,Rawah,IQ,2022-12-31 23:37:00,34.4816,41.9093,48.15,41,0,6.8
448,Lircay,PE,2022-12-31 23:37:00,-12.9896,-74.7205,48.56,89,100,1.61
449,Tuatapere,NZ,2022-12-31 23:37:01,-46.1333,167.6833,67.42,56,55,5.86
450,Goure,NE,2022-12-31 23:37:01,13.9835,10.2704,58.57,22,6,12.75
451,Viedma,AR,2022-12-31 23:37:01,-40.8135,-62.9967,67.17,52,81,24.85
452,Lookan,PH,2022-12-31 23:37:02,5.037,120.1027,80.47,78,69,3.62
453,Mangan,IN,2022-12-31 23:37:02,27.5167,88.5333,47.88,66,85,6.26
454,Kotaparh,IN,2022-12-31 23:37:02,19.15,82.35,58.55,69,73,2.19
455,Purnia,IN,2022-12-31 23:37:03,25.7833,87.4667,56.17,62,2,2.1
456,Gayny,RU,2022-12-31 23:37:03,60.3071,54.3241,1.81,95,100,9.28
457,Don Sak,TH,2022-12-31 23:37:03,9.3168,99.6918,78.69,73,100,7.38
458,Luanda,AO,2022-12-31 23:37:04,-8.8368,13.2343,78.8,83,75,6.91
459,San Lorenzo,PY,2022-12-31 23:37:04,-25.3333,-57.5333,92.59,32,0,5.01
460,Santarem,BR,2022-12-31 23:37:04,-2.4431,-54.7083,78.93,89,40,3.44
461,Port Blair,IN,2022-12-31 23:38:05,11.6667,92.75,73.44,88,20,2.3
462,Basco,PH,2022-12-31 23:38:05,20.4487,121.9702,76.33,83,99,30.18
463,Kachiry,KZ,2022-12-31 23:38:05,53.0675,76.1036,18.43,94,100,15.37
464,Mattru,SL,2022-12-31 23:38:06,7.6244,-11.8332,71.53,78,83,0.47
465,Idenao,CM,2022-12-31 23:38:06,4.2475,9.0047,79.66,56,79,4.03
466,Panguna,PG,2022-12-31 23:38:06,-6.3164,155.4848,82.44,52,98,3.09
467,Popondetta,PG,2022-12-31 23:38:07,-8.7537,148.2534,87.06,61,100,2.84
468,Vuktyl,RU,2022-12-31 23:38:07,63.8567,57.3094,-17.64,94,61,4.52
469,Thatcham,GB,2022-12-31 23:38:07,51.4037,-1.2605,53.67,92,100,23.64
470,Paamiut,GL,2022-12-31 23:38:08,61.994,-49.6678,8.46,58,100,6.73
471,Termiz,UZ,2022-12-31 23:38:08,37.2242,67.2783,33.89,93,100,4.61
472,Aracati,BR,2022-12-31 23:38:08,-4.5617,-37.7697,80.98,74,100,15.3
473,Pacific Grove,US,2022-12-31 23:33:36,36.6177,-121.9166,59.41,91,100,28.01
474,Ngunguru,NZ,2022-12-31 23:38:09,-35.6167,174.5,66.88,69,99,20.24
475,Zabol,AF,2022-12-31 23:38:09,32.25,67.25,31.05,76,99,7.02
476,Lasa,IT,2022-12-31 23:38:09,46.6166,10.7002,41.88,89,51,2.71
477,Jalu,LY,2022-12-31 23:38:10,29.0331,21.5482,56.57,71,35,8.61
478,Phalodi,IN,2022-12-31 23:38:10,27.1333,72.3667,53.2,36,25,6.06
479,Martapura,ID,2022-12-31 23:38:10,-3.4167,114.85,77.09,94,98,4.61
480,Coatepec Harinas,MX,2022-12-31 23:38:11,18.8949,-99.7215,65.34,69,54,1.01
481,Mizdah,LY,2022-12-31 23:38:11,31.4451,12.9801,50.25,49,0,2.51
482,Linjiang,CN,2022-12-31 23:38:11,41.8069,126.9078,2.17,94,71,1.97
483,Kiunga,PG,2022-12-31 23:38:12,-6.1219,141.2906,77.92,83,100,2.59
484,Manokwari,ID,2022-12-31 23:38:12,-0.8667,134.0833,78.37,73,100,10.92
485,Umea,SE,2022-12-31 23:38:12,63.8284,20.2597,35.53,75,0,20.71
486,Tahoua,NE,2022-12-31 23:38:13,14.8888,5.2692,61.57,18,80,12.73
487,Namibe,AO,2022-12-31 23:38:13,-15.1961,12.1522,73.94,79,100,5.53
488,Katobu,ID,2022-12-31 23:38:13,-4.9408,122.5276,80.28,78,100,5.03
489,Eydhafushi,MV,2022-12-31 23:38:14,5.1033,73.0708,80.31,68,72,13.42
490,Dhamtari,IN,2022-12-31 23:38:14,20.7072,81.5497,55.58,61,6,2.06
491,Hvolsvollur,IS,2022-12-31 23:38:14,63.7533,-20.2243,25.11,87,97,4.29
492,Rocha,UY,2022-12-31 23:38:15,-34.4833,-54.3333,62.69,91,0,7.45
493,Mandi Bahauddin,PK,2022-12-31 23:38:15,32.5834,73.4843,49.71,31,82,4.21
494,Naryan-Mar,RU,2022-12-31 23:38:15,67.6713,53.087,-1.34,88,12,17.65
495,Bafoulabe,ML,2022-12-31 23:38:16,13.8065,-10.8321,78.75,10,92,7.7
496,San Rafael,AR,2022-12-31 23:38:16,-34.6177,-68.3301,65.08,70,85,28.57
497,Rundu,NA,2022-12-31 23:38:16,-17.9333,19.7667,66.97,85,74,5.35
498,Magdagachi,RU,2022-12-31 23:38:17,53.45,125.8,-8.68,74,4,8.75
499,Ibra,OM,2022-12-31 23:38:17,22.6906,58.5334,61.93,54,0,4.45
500,Praya,CV,2022-12-31 23:38:17,14.9215,-23.5087,72.14,68,20,10.36
501,Newtownards,GB,2022-12-31 23:38:18,54.5924,-5.6909,42.75,94,100,5.75
502,Sao Felix Do Xingu,BR,2022-12-31 23:38:18,-6.6447,-51.995,72.64,94,50,0.85
503,Gondar,ET,2022-12-31 23:38:18,12.6,37.4667,58.12,67,87,1.36
504,Pisco,PE,2022-12-31 23:35:09,-13.7,-76.2167,69.85,88,100,8.05
505,Aguai,BR,2022-12-31 23:38:19,-22.0594,-46.9786,70.9,94,25,2.55
506,Port-Gentil,GA,2022-12-31 23:39:19,-0.7193,8.7815,82.36,83,40,6.91
507,Murdochville,CA,2022-12-31 23:39:19,48.9583,-65.5006,31.08,98,100,2.21
508,Gualaquiza,EC,2022-12-31 23:39:20,-3.4,-78.55,64.83,98,100,0.36
509,Caala,AO,2022-12-31 23:39:20,-12.8525,15.5606,59.76,97,85,3.6
510,North Platte,US,2022-12-31 23:35:03,41.1239,-100.7654,40.89,73,0,4.61
511,Robertsport,LR,2022-12-31 23:39:20,6.7533,-11.3686,79.09,78,9,4.36
512,Kasamatsu,JP,2022-12-31 23:39:21,35.3686,136.764,43.09,84,68,1.1
513,Arica,CL,2022-12-31 23:39:21,-18.475,-70.3042,72.95,73,0,8.05
514,Isangel,VU,2022-12-31 23:39:21,-19.55,169.2667,84.42,70,69,18.16
515,Cowra,AU,2022-12-31 23:39:22,-33.8333,148.6833,85.32,38,11,1.83
516,Goderich,CA,2022-12-31 23:39:22,43.7501,-81.7165,36.91,100,100,9.22
517,Ahipara,NZ,2022-12-31 23:39:22,-35.1667,173.1667,71.49,58,99,11.97
518,Ixtapa,MX,2022-12-31 23:39:23,20.7,-105.2,78.03,69,20,9.22
519,Sarakhs,IR,2022-12-31 23:39:23,36.5449,61.1577,38.57,73,7,6.53
520,Djibo,BF,2022-12-31 23:39:23,14.1022,-1.6306,67.26,14,39,10.51
521,Orhangazi,TR,2022-12-31 23:39:24,40.4892,29.3089,44.31,75,43,3.04
522,Corbelia,BR,2022-12-31 23:39:24,-24.7989,-53.3067,71.44,72,7,4.27
523,Yarada,IN,2022-12-31 23:39:24,17.65,83.2667,76.08,78,80,3.58
524,Turbat,PK,2022-12-31 23:39:25,26.0023,63.044,59.63,32,5,8.16
525,Mangrol,IN,2022-12-31 23:39:25,21.1167,70.1167,63.43,39,0,11.65
526,Laguna,US,2022-12-31 23:39:25,38.421,-121.4238,53.08,95,100,11.5
527,Coos Bay,US,2022-12-31 23:39:26,43.3665,-124.2179,51.78,82,20,8.05
528,Izhma,RU,2022-12-31 23:39:26,65.0083,53.9113,2.03,92,99,11.21
529,Akyab,MM,2022-12-31 23:39:26,20.15,92.9,61.43,66,2,6.73
530,Nhamunda,BR,2022-12-31 23:39:27,-2.1861,-56.7131,75.81,95,99,3.09
531,Harper,LR,2022-12-31 23:39:27,4.375,-7.7169,77.34,78,29,6.55
532,Bandarbeyla,SO,2022-12-31 23:39:27,9.4942,50.8122,76.14,88,100,18.63
533,Ipixuna,BR,2022-12-31 23:39:28,-1.7625,-48.8043,74.43,95,83,4.63
534,Kununurra,AU,2022-12-31 23:39:28,-15.7667,128.7333,76.98,88,75,14.97
535,Neuquen,AR,2022-12-31 23:39:28,-38.9516,-68.0591,89.49,20,75,13.8
536,Ingham,US,2022-12-31 23:39:29,42.6,-84.3833,39.15,85,100,4.61
537,Sur,OM,2022-12-31 23:39:29,22.5667,59.5289,69.76,60,2,8.52
538,Bosaso,SO,2022-12-31 23:36:39,11.2842,49.1816,74.75,88,100,8.39
539,Andenes,NO,2022-12-31 23:39:29,69.3143,16.1194,37.38,81,100,21.85
540,Tianpeng,CN,2022-12-31 23:39:30,30.9866,103.9393,41.47,82,12,1.7
541,Pathein,MM,2022-12-31 23:39:30,16.7833,94.7333,65.86,71,10,7.61
542,Biysk,RU,2022-12-31 23:39:30,52.5364,85.2072,18.9,94,100,5.28
543,Chibuto,MZ,2022-12-31 23:39:31,-24.6867,33.5306,71.55,79,97,7.96
544,Auki,SB,2022-12-31 23:39:32,-8.7676,160.7034,83.73,75,95,7.45
545,Alyangula,AU,2022-12-31 23:39:32,-13.8483,136.4192,82.65,75,100,21.43
546,Buluang,PH,2022-12-31 23:39:32,13.3068,123.3425,77.92,89,97,2.86
547,Effingham,US,2022-12-31 23:39:33,32.3669,-81.3332,70.25,96,100,4.03
548,Krasnouralsk,RU,2022-12-31 23:39:33,58.3638,60.0407,-22.54,100,100,1.97
549,Port Augusta,AU,2022-12-31 23:39:33,-32.5,137.7667,89.15,31,0,6.08
550,Kalmunai,LK,2022-12-31 23:39:34,7.4167,81.8167,73.35,84,78,8.52
551,Pitimbu,BR,2022-12-31 23:39:34,-7.4706,-34.8086,75.79,80,100,8.1
552,Karpathos,GR,2023-01-01 01:09:05,35.507,27.2132,57.16,82,7,2.3
553,Thinadhoo,MV,2023-01-01 01:09:05,0.5333,72.9333,80.94,71,16,11.23
554,Kayes,ML,2023-01-01 01:09:05,14.0,-11.0,75.34,10,13,8.63
555,Shenjiamen,CN,2023-01-01 01:09:06,29.9576,122.298,51.31,58,57,8.5
556,Kushiro,JP,2023-01-01 01:09:06,42.975,144.3747,33.31,73,100,10.67
557,Kavaratti,IN,2023-01-01 01:09:07,10.5669,72.642,81.12,71,29,11.65
558,Touros,BR,2023-01-01 01:09:08,-5.1989,-35.4608,79.52,77,100,12.62
559,Minas,UY,2023-01-01 01:08:27,-34.3759,-55.2377,61.48,79,98,12.95
560,Pokhara,NP,2023-01-01 01:09:09,28.2333,83.9833,52.05,59,91,1.92
561,Dubai,AE,2023-01-01 01:05:23,25.2582,55.3047,71.53,60,0,5.75
562,Lyuban,BY,2023-01-01 01:09:09,52.7985,28.0048,44.56,93,100,15.17
563,Venustiano Carranza,MX,2023-01-01 01:09:10,19.43,-99.0992,64.38,45,40,16.11
564,Bira,RU,2023-01-01 01:09:10,49.0,132.4667,-10.46,86,17,5.64
565,Licata,IT,2023-01-01 01:09:10,37.1071,13.9461,54.23,65,0,5.73
566,Kupang,ID,2023-01-01 01:09:11,-10.1667,123.5833,79.38,94,75,10.36
567,Kstovo,RU,2023-01-01 01:09:11,56.1473,44.1979,31.39,98,100,4.38
568,Annau,TM,2023-01-01 01:09:11,37.8876,58.516,37.6,64,0,3.69
569,Jaru,BR,2023-01-01 01:05:05,-10.4389,-62.4664,71.33,98,95,3.18
570,Kautokeino,NO,2023-01-01 01:09:12,69.0125,23.0412,21.76,96,100,5.73
571,Whitianga,NZ,2023-01-01 01:09:12,-36.8333,175.7,66.11,66,100,9.89
572,Menongue,AO,2023-01-01 01:09:12,-14.6585,17.691,63.05,95,99,3.13
573,Businga,CD,2023-01-01 01:09:13,3.3333,20.8833,75.88,52,87,1.3
574,Praia,CV,2023-01-01 01:09:13,14.9215,-23.5087,72.05,77,59,9.22
